{
  "fraud_threshold": 0.6,
  "prompt_version": "v14",
  "llm_weight": 0.35,
  "baseline_score": 0.25,
  "metrics": {
    "precision": 0.1357142857142857,
    "recall": 0.8260869565217391,
    "f1_score": 0.2331288343558282
  },
  "confusion_matrix": {
    "true_positives": 19,
    "false_positives": 121,
    "true_negatives": 129,
    "false_negatives": 4
  },
  "config_id": "t0.60_pv14_w0.35_b0.25",
  "generated_at": "2025-12-19T00:20:50.572177"
}