{
  "latency": {
    "standard_avg_ms": 0.011217409162782133,
    "standard_p95_ms": 0.013415934517979622,
    "standard_max_ms": 0.5826670676469803,
    "json_avg_ms": 0.01694604370277375,
    "json_p95_ms": 0.018291990272700787,
    "json_max_ms": 0.30158297158777714,
    "structured_avg_ms": 0.007689003832638264,
    "structured_p95_ms": 0.00833394005894661,
    "structured_max_ms": 0.5637080175802112
  },
  "throughput": {
    "standard_logs_per_second": 87294.56730735148,
    "structured_logs_per_second": 139223.49122402337
  },
  "memory": {
    "base_overhead_mb": 0.0,
    "hundred_loggers_mb": 0.04296875,
    "per_logger_kb": 0.44,
    "under_load_increase_mb": 0.0
  },
  "concurrency": {
    "1_threads_logs_per_second": 86205.35077776284,
    "1_threads_avg_thread_time": 0.011211082921363413,
    "5_threads_logs_per_second": 54107.89342743504,
    "5_threads_avg_thread_time": 0.08550310002174229,
    "10_threads_logs_per_second": 48734.586262715835,
    "10_threads_avg_thread_time": 0.20180248749675228,
    "20_threads_logs_per_second": 50230.63711234712,
    "20_threads_avg_thread_time": 0.38207912286161444
  },
  "format_switching": {
    "avg_switch_time_ms": 1.3387183169834316,
    "max_switch_time_ms": 2.7669579721987247,
    "total_switches_per_second": 334.5378545012865
  },
  "system_health": {
    "memory_growth_mb": -0.0078125,
    "memory_leak_detected": false,
    "latency_consistency_cv": 0.3608057311221458,
    "performance_consistent": true
  }
}